episode,total_reward,deliveries,success
1,47.77999999999999,4,1
2,63.75999999999996,4,1
3,40.550000000000004,4,1
4,41.54999999999999,4,1
5,55.12999999999998,4,1
6,38.320000000000014,4,1
7,44.70999999999999,4,1
8,37.09000000000002,4,1
9,45.569999999999986,4,1
10,41.95,4,1
11,42.76999999999999,4,1
12,71.13999999999994,4,1
13,32.63000000000001,4,1
14,45.329999999999984,4,1
15,55.52999999999998,4,1
16,46.94999999999998,4,1
17,34.31000000000003,4,1
18,40.91,4,1
19,44.829999999999984,4,1
20,73.11999999999995,4,1
21,37.33000000000001,4,1
22,31.870000000000026,4,1
23,44.95999999999999,4,1
24,40.32999999999999,4,1
25,55.83999999999997,4,1
26,45.90999999999998,4,1
27,50.269999999999996,4,1
28,37.88,4,1
29,43.46999999999999,4,1
30,49.57999999999998,4,1
31,37.110000000000014,4,1
32,50.739999999999974,4,1
33,38.300000000000004,4,1
34,66.71999999999997,4,1
35,82.72999999999993,4,1
36,52.879999999999974,4,1
37,32.23000000000003,4,1
38,36.59,4,1
39,61.74000000000003,4,1
40,41.81,4,1
41,58.87999999999996,4,1
42,75.98999999999994,4,1
43,47.249999999999986,4,1
44,51.66999999999998,4,1
45,31.16000000000001,4,1
46,45.569999999999986,4,1
47,42.849999999999994,4,1
48,42.70999999999999,4,1
49,55.67999999999998,4,1
50,41.06,4,1
51,40.56,4,1
52,49.279999999999994,4,1
53,60.479999999999976,4,1
54,37.69000000000001,4,1
55,40.25999999999999,4,1
56,34.01000000000002,4,1
57,76.18999999999996,4,1
58,38.91,4,1
59,39.26000000000002,4,1
60,42.57000000000001,4,1
61,44.61999999999999,4,1
62,82.77999999999993,4,1
63,43.88999999999999,4,1
64,36.37000000000002,4,1
65,35.740000000000016,4,1
66,47.39999999999999,4,1
67,40.32999999999999,4,1
68,42.89,4,1
69,30.91000000000002,4,1
70,46.95999999999999,4,1
71,35.47000000000003,4,1
72,52.02999999999997,4,1
73,45.179999999999986,4,1
74,45.41999999999998,4,1
75,59.08999999999995,4,1
76,39.37,4,1
77,64.37999999999997,4,1
78,47.529999999999994,4,1
79,51.589999999999954,4,1
80,48.95999999999995,4,1
81,52.469999999999985,4,1
82,50.049999999999976,4,1
83,73.28999999999995,4,1
84,54.799999999999955,4,1
85,33.20000000000001,4,1
86,80.62999999999994,4,1
87,31.310000000000024,4,1
88,43.059999999999974,4,1
89,37.40000000000002,4,1
90,63.17999999999998,4,1
91,33.290000000000035,4,1
92,36.93,4,1
93,39.890000000000015,4,1
94,52.41999999999999,4,1
95,57.26999999999996,4,1
96,63.18999999999998,4,1
97,36.730000000000004,4,1
98,57.99999999999997,4,1
99,30.990000000000013,4,1
100,44.11000000000001,4,1
101,40.230000000000004,4,1
102,44.27000000000001,4,1
103,56.96999999999997,4,1
104,44.84,4,1
105,43.89999999999999,4,1
106,35.91000000000002,4,1
107,40.550000000000004,4,1
108,55.199999999999974,4,1
109,61.38999999999997,4,1
110,71.43999999999996,4,1
111,32.44000000000002,4,1
112,54.12999999999996,4,1
113,41.51,4,1
114,49.31999999999997,4,1
115,50.88999999999997,4,1
116,53.12999999999998,4,1
117,43.71999999999999,4,1
118,81.59999999999994,4,1
119,55.27999999999999,4,1
120,55.95000000000002,4,1
121,53.99999999999995,4,1
122,28.930000000000017,4,1
123,40.67,4,1
124,44.789999999999985,4,1
125,71.73999999999995,4,1
126,53.02999999999997,4,1
127,52.059999999999974,4,1
128,39.07,4,1
129,63.93999999999996,4,1
130,41.839999999999996,4,1
131,48.839999999999954,4,1
132,57.0,4,1
133,37.27000000000001,4,1
134,55.99999999999997,4,1
135,51.71999999999998,4,1
136,35.50000000000003,4,1
137,49.07999999999998,4,1
138,43.29,4,1
139,57.31999999999998,4,1
140,38.60999999999999,4,1
141,114.19999999999989,4,1
142,35.91000000000001,4,1
143,49.449999999999974,4,1
144,52.81999999999998,4,1
145,42.980000000000004,4,1
146,47.81999999999998,4,1
147,40.34,4,1
148,36.59000000000002,4,1
149,46.97999999999998,4,1
150,45.69999999999999,4,1
151,84.09999999999994,4,1
152,48.719999999999985,4,1
153,44.57999999999999,4,1
154,43.42999999999999,4,1
155,42.36999999999999,4,1
156,40.98,4,1
157,39.919999999999995,4,1
158,32.55000000000002,4,1
159,47.84999999999998,4,1
160,43.949999999999946,4,1
161,38.680000000000014,4,1
162,41.27000000000001,4,1
163,42.32,4,1
164,55.45999999999998,4,1
165,41.730000000000004,4,1
166,34.930000000000014,4,1
167,36.14,4,1
168,55.60999999999997,4,1
169,55.60999999999998,4,1
170,49.76999999999997,4,1
171,52.829999999999956,4,1
172,42.54999999999999,4,1
173,31.54000000000001,4,1
174,43.02,4,1
175,58.22999999999996,4,1
176,66.91999999999996,4,1
177,34.30000000000002,4,1
178,54.97000000000001,4,1
179,54.53999999999995,4,1
180,42.540000000000006,4,1
181,55.73999999999996,4,1
182,63.49999999999997,4,1
183,43.12,4,1
184,114.6799999999999,4,1
185,65.50000000000003,4,1
186,43.59999999999999,4,1
187,55.37999999999998,4,1
188,46.72999999999998,4,1
189,55.38999999999998,4,1
190,46.249999999999986,4,1
191,40.94,4,1
192,57.0,4,1
193,37.16000000000002,4,1
194,46.23999999999998,4,1
195,35.68000000000003,4,1
196,41.64999999999999,4,1
197,41.489999999999995,4,1
198,40.63000000000001,4,1
199,42.53999999999999,4,1
200,38.14000000000001,4,1
201,42.400000000000006,4,1
202,51.29999999999996,4,1
203,36.87000000000002,4,1
204,36.44000000000001,4,1
205,58.89999999999996,4,1
206,38.52999999999999,4,1
207,43.29,4,1
208,55.39999999999998,4,1
209,56.619999999999955,4,1
210,40.53,4,1
211,80.90999999999998,4,1
212,30.040000000000013,4,1
213,39.690000000000005,4,1
214,59.319999999999986,4,1
215,41.43,4,1
216,39.419999999999995,4,1
217,36.13000000000003,4,1
218,55.11999999999999,4,1
219,30.640000000000022,4,1
220,208.96999999999989,4,1
221,55.10999999999997,4,1
222,40.540000000000006,4,1
223,45.63999999999998,4,1
224,54.02999999999997,4,1
225,42.68999999999999,4,1
226,43.470000000000006,4,1
227,44.41,4,1
228,33.35000000000002,4,1
229,45.80999999999999,4,1
230,48.60999999999996,4,1
231,41.02,4,1
232,43.45999999999999,4,1
233,53.67999999999997,4,1
234,85.07999999999993,4,1
235,45.69999999999999,4,1
236,49.10999999999998,4,1
237,36.39000000000001,4,1
238,47.29999999999998,4,1
239,41.730000000000004,4,1
240,53.83999999999998,4,1
241,76.71999999999996,4,1
242,57.74999999999995,4,1
243,62.34999999999996,4,1
244,39.25,4,1
245,38.92000000000001,4,1
246,50.20999999999995,4,1
247,49.16999999999997,4,1
248,45.03999999999999,4,1
249,50.04999999999997,4,1
250,117.24999999999991,4,1
251,53.869999999999976,4,1
252,39.640000000000015,4,1
253,48.15999999999998,4,1
254,51.229999999999976,4,1
255,51.60999999999997,4,1
256,98.52999999999992,4,1
257,34.47000000000003,4,1
258,82.35999999999996,4,1
259,52.22999999999998,4,1
260,40.3,4,1
261,60.89999999999998,4,1
262,81.48999999999994,4,1
263,36.440000000000005,4,1
264,31.66000000000001,4,1
265,29.930000000000025,4,1
266,57.46999999999996,4,1
267,67.15,4,1
268,40.8,4,1
269,51.74999999999997,4,1
270,42.249999999999986,4,1
271,54.82000000000001,4,1
272,55.41999999999997,4,1
273,49.44999999999998,4,1
274,46.46999999999998,4,1
275,99.48999999999991,4,1
276,48.64999999999998,4,1
277,56.19999999999999,4,1
278,160.67999999999992,4,1
279,49.34999999999998,4,1
280,89.15999999999993,4,1
281,35.39000000000001,4,1
282,71.14999999999996,4,1
283,39.69,4,1
284,46.05999999999998,4,1
285,47.63999999999999,4,1
286,35.05000000000001,4,1
287,283.1499999999999,4,1
288,47.91999999999998,4,1
289,64.07999999999996,4,1
290,44.55,4,1
291,57.09999999999995,4,1
292,39.67000000000001,4,1
293,86.20999999999992,4,1
294,60.19999999999994,4,1
295,39.019999999999996,4,1
296,49.25999999999996,4,1
297,56.74,4,1
298,41.22,4,1
299,63.32999999999995,4,1
300,40.24999999999999,4,1
301,66.31999999999995,4,1
302,38.48000000000002,4,1
303,38.830000000000005,4,1
304,39.00000000000001,4,1
305,44.23999999999999,4,1
306,78.06999999999992,4,1
307,47.70999999999998,4,1
308,57.50999999999997,4,1
309,38.4,4,1
310,45.57999999999999,4,1
311,101.17999999999992,4,1
312,54.839999999999954,4,1
313,72.17999999999998,4,1
314,85.91999999999994,4,1
315,35.64000000000002,4,1
316,45.389999999999986,4,1
317,44.59999999999999,4,1
318,49.61999999999996,4,1
319,42.33,4,1
320,50.59999999999995,4,1
321,35.13000000000001,4,1
322,66.41000000000003,4,1
323,79.95999999999998,4,1
324,90.68999999999994,4,1
325,71.83999999999995,4,1
326,41.11999999999999,4,1
327,37.580000000000005,4,1
328,167.43999999999988,4,1
329,37.70000000000001,4,1
330,35.31000000000003,4,1
331,38.88000000000002,4,1
332,54.48,4,1
333,47.51999999999997,4,1
334,46.11999999999998,4,1
335,41.96000000000001,4,1
336,43.88999999999999,4,1
337,53.07999999999995,4,1
338,52.07999999999997,4,1
339,68.93999999999996,4,1
340,120.93999999999988,4,1
341,47.15999999999998,4,1
342,64.34999999999995,4,1
343,88.99999999999993,4,1
344,48.38999999999997,4,1
345,69.86000000000003,4,1
346,39.67,4,1
347,36.490000000000016,4,1
348,27.57000000000003,4,1
349,66.11999999999999,4,1
350,54.86999999999997,4,1
351,68.83999999999997,4,1
352,45.079999999999984,4,1
353,46.16999999999997,4,1
354,221.50999999999996,4,1
355,43.33999999999999,4,1
356,45.730000000000025,4,1
357,31.470000000000024,4,1
358,50.389999999999986,4,1
359,89.3099999999999,4,1
360,34.55000000000001,4,1
361,40.03999999999999,4,1
362,182.99999999999991,4,1
363,58.44,4,1
364,68.90999999999997,4,1
365,49.919999999999966,4,1
366,56.01,4,1
367,81.40999999999997,4,1
368,54.25,4,1
369,64.85000000000001,4,1
370,85.64999999999995,4,1
371,41.14999999999999,4,1
372,45.96999999999998,4,1
373,89.67999999999992,4,1
374,52.57999999999997,4,1
375,52.79999999999999,4,1
376,38.300000000000004,4,1
377,112.97999999999989,4,1
378,83.40999999999997,4,1
379,35.490000000000016,4,1
380,39.43000000000001,4,1
381,60.769999999999975,4,1
382,185.8499999999999,4,1
383,242.00999999999996,4,1
384,30.99000000000001,4,1
385,48.349999999999994,4,1
386,74.06999999999996,4,1
387,44.57999999999999,4,1
388,263.65999999999997,4,1
389,62.68999999999997,4,1
390,155.69999999999993,4,1
391,72.94999999999995,4,1
392,54.31999999999997,4,1
393,29.320000000000014,4,1
394,42.800000000000004,4,1
395,41.19,4,1
396,43.97,4,1
397,42.05999999999998,4,1
398,155.4599999999999,4,1
399,75.97000000000006,4,1
400,111.5099999999999,4,1
401,43.41,4,1
402,51.459999999999965,4,1
403,54.30999999999998,4,1
404,82.50999999999995,4,1
405,167.2599999999999,4,1
406,51.52999999999997,4,1
407,89.22999999999995,4,1
408,42.88,4,1
409,26.94000000000001,4,1
410,38.800000000000004,4,1
411,41.39,4,1
412,74.75000000000001,4,1
413,47.46,4,1
414,61.24000000000003,4,1
415,156.7399999999999,4,1
416,51.149999999999984,4,1
417,160.77999999999994,4,1
418,35.350000000000016,4,1
419,42.629999999999995,4,1
420,34.010000000000005,4,1
421,50.21999999999997,4,1
422,67.47999999999999,4,1
423,43.389999999999986,4,1
424,58.86999999999998,4,1
425,53.78999999999995,4,1
426,45.19,4,1
427,63.369999999999955,4,1
428,51.37999999999996,4,1
429,49.76999999999998,4,1
430,33.320000000000014,4,1
431,47.819999999999986,4,1
432,51.45999999999995,4,1
433,41.019999999999996,4,1
434,40.73,4,1
435,46.47999999999999,4,1
436,412.7700000000001,4,1
437,41.54,4,1
438,118.3999999999999,4,1
439,50.299999999999955,4,1
440,50.32999999999998,4,1
441,41.099999999999994,4,1
442,42.49999999999999,4,1
443,131.68999999999988,4,1
444,30.94000000000002,4,1
445,94.79999999999994,4,1
446,50.699999999999974,4,1
447,335.27000000000004,4,1
448,49.11999999999998,4,1
449,52.72000000000003,4,1
450,41.949999999999996,4,1
451,316.77000000000004,4,1
452,39.32000000000001,4,1
453,153.19999999999987,4,1
454,41.87,4,1
455,42.21999999999999,4,1
456,70.42000000000003,4,1
457,47.229999999999976,4,1
458,74.13999999999999,4,1
459,46.66999999999999,4,1
460,66.88999999999996,4,1
461,153.84999999999988,4,1
462,332.09000000000003,4,1
463,94.17999999999991,4,1
464,45.76999999999998,4,1
465,373.11,4,1
466,39.989999999999995,4,1
467,55.379999999999974,4,1
468,39.95,4,1
469,31.440000000000023,4,1
470,32.22000000000001,4,1
471,37.70000000000002,4,1
472,32.07000000000002,4,1
473,50.12999999999998,4,1
474,44.859999999999985,4,1
475,48.45999999999998,4,1
476,35.82000000000001,4,1
477,36.91000000000002,4,1
478,56.94999999999998,4,1
479,45.11999999999998,4,1
480,32.29000000000003,4,1
481,74.07000000000002,4,1
482,39.999999999999986,4,1
483,32.58000000000001,4,1
484,44.54999999999999,4,1
485,491.5000000000001,4,1
486,52.53999999999997,4,1
487,39.26000000000001,4,1
488,43.04999999999999,4,1
489,53.479999999999976,4,1
490,85.11999999999999,4,1
491,51.64999999999998,4,1
492,51.149999999999956,4,1
493,52.21999999999997,4,1
494,54.95999999999997,4,1
495,81.26999999999995,4,1
496,52.84999999999997,4,1
497,62.22999999999995,4,1
498,42.18999999999999,4,1
499,39.30000000000002,4,1
500,42.22,4,1
501,36.54000000000002,4,1
502,190.4499999999999,4,1
503,181.3799999999999,4,1
504,31.060000000000013,4,1
505,39.05000000000002,4,1
506,58.27999999999995,4,1
507,397.68,4,1
508,62.45999999999995,4,1
509,57.189999999999955,4,1
510,45.19999999999998,4,1
511,27.150000000000013,4,1
512,45.339999999999996,4,1
513,64.41999999999996,4,1
514,79.79,4,1
515,42.98999999999999,4,1
516,27.190000000000012,4,1
517,119.1899999999999,4,1
518,65.36999999999996,4,1
519,70.91999999999996,4,1
520,50.309999999999974,4,1
521,36.730000000000004,4,1
522,36.140000000000015,4,1
523,48.27999999999998,4,1
524,106.56999999999992,4,1
525,39.15000000000002,4,1
526,35.27,4,1
527,40.92000000000001,4,1
528,42.19999999999999,4,1
529,66.16000000000001,4,1
530,132.93999999999988,4,1
531,49.85999999999996,4,1
532,57.759999999999955,4,1
533,430.3400000000001,4,1
534,591.9000000000016,3,0
535,57.05999999999997,4,1
536,57.85999999999997,4,1
537,28.89000000000001,4,1
538,39.199999999999996,4,1
539,55.78999999999998,4,1
540,348.76000000000005,4,1
541,41.73999999999999,4,1
542,46.179999999999986,4,1
543,50.30999999999997,4,1
544,52.589999999999975,4,1
545,53.27999999999997,4,1
546,48.509999999999984,4,1
547,39.77,4,1
548,55.75999999999996,4,1
549,30.260000000000005,4,1
550,30.940000000000015,4,1
551,42.269999999999996,4,1
552,46.63999999999998,4,1
553,608.0000000000018,3,0
554,534.3000000000005,3,0
555,52.02999999999998,4,1
556,29.52000000000003,4,1
557,32.32000000000002,4,1
558,45.47999999999999,4,1
559,37.85,4,1
560,605.4000000000019,3,0
561,62.96999999999998,4,1
562,32.42000000000001,4,1
563,42.41,4,1
564,50.56999999999995,4,1
565,37.50999999999999,4,1
566,41.529999999999994,4,1
567,34.27000000000002,4,1
568,25.910000000000014,4,1
569,62.28999999999995,4,1
570,37.82,4,1
571,36.89,4,1
572,416.63000000000005,4,1
573,45.389999999999986,4,1
574,41.01,4,1
575,54.709999999999965,4,1
576,40.25,4,1
577,54.289999999999985,4,1
578,39.39,4,1
579,237.90999999999997,4,1
580,474.34000000000003,4,1
581,42.74999999999999,4,1
582,59.62999999999998,4,1
583,44.83999999999997,4,1
584,337.69,4,1
585,37.38000000000002,4,1
586,68.71999999999997,4,1
587,54.379999999999974,4,1
588,28.210000000000008,4,1
589,96.6699999999999,4,1
590,47.22999999999998,4,1
591,34.910000000000004,4,1
592,39.529999999999994,4,1
593,65.02000000000004,4,1
594,84.56999999999995,4,1
595,79.17999999999996,4,1
596,429.4400000000001,4,1
597,61.62999999999997,4,1
598,37.449999999999996,4,1
599,42.48,4,1
600,59.29000000000003,4,1
601,53.67000000000001,4,1
602,42.690000000000005,4,1
603,54.319999999999986,4,1
604,64.86,4,1
605,57.70999999999998,4,1
606,40.75000000000007,3,0
607,33.470000000000006,4,1
608,41.80000000000006,3,0
609,50.24999999999997,4,1
610,41.73,4,1
611,37.440000000000005,4,1
612,74.25999999999995,4,1
613,42.08999999999999,4,1
614,29.800000000000015,4,1
615,74.88999999999997,4,1
616,42.61999999999997,4,1
617,54.709999999999965,4,1
618,48.31,4,1
619,41.849999999999994,4,1
620,192.1699999999999,4,1
621,34.80000000000002,4,1
622,52.51999999999998,4,1
623,47.83999999999999,4,1
624,57.28999999999997,4,1
625,93.6499999999999,4,1
626,62.99999999999996,4,1
627,93.78999999999994,4,1
628,20.069999999999993,4,1
629,36.380000000000024,4,1
630,51.739999999999974,4,1
631,68.56000000000003,4,1
632,39.78,4,1
633,46.719999999999956,4,1
634,59.550000000000054,4,1
635,396.08000000000004,4,1
636,54.43999999999997,4,1
637,64.14999999999996,4,1
638,41.88,4,1
639,172.30999999999992,4,1
640,156.51999999999992,4,1
641,384.53000000000003,4,1
642,507.2500000000001,4,1
643,133.5099999999999,4,1
644,58.20999999999998,4,1
645,36.49,4,1
646,391.0,3,0
647,550.0000000000008,3,0
648,34.85000000000002,4,1
649,65.32999999999996,4,1
650,61.79999999999998,4,1
651,86.41999999999994,4,1
652,90.01999999999995,4,1
653,65.96000000000001,4,1
654,51.73999999999998,4,1
655,47.57000000000001,4,1
656,47.339999999999954,4,1
657,56.630000000000024,4,1
658,37.920000000000016,4,1
659,30.10000000000001,4,1
660,58.969999999999956,4,1
661,42.23,4,1
662,105.8699999999999,4,1
663,30.48000000000001,4,1
664,179.69999999999976,3,0
665,77.22999999999996,4,1
666,598.3000000000017,3,0
667,33.12000000000001,4,1
668,32.93000000000003,4,1
669,33.750000000000085,3,0
670,33.25000000000011,3,0
671,44.65999999999998,4,1
672,388.6,4,1
673,64.76000000000003,4,1
674,77.35999999999994,4,1
675,46.20999999999999,4,1
676,32.400000000000006,4,1
677,46.44,4,1
678,80.92999999999998,4,1
679,79.11,4,1
680,55.29000000000003,4,1
681,41.16999999999997,4,1
682,41.169999999999995,4,1
683,83.01999999999998,4,1
684,45.51,4,1
685,36.450000000000074,3,0
686,37.64,4,1
687,521.1000000000003,3,0
688,57.32999999999998,4,1
689,555.0000000000009,3,0
690,32.34000000000001,4,1
691,49.489999999999945,4,1
692,79.44000000000005,4,1
693,76.84999999999997,4,1
694,72.70999999999997,4,1
695,62.23999999999999,4,1
696,30.840000000000025,4,1
697,49.88999999999995,4,1
698,410.8100000000001,4,1
699,67.56000000000003,4,1
700,33.09000000000001,4,1
701,67.22999999999996,4,1
702,473.62000000000006,4,1
703,39.189999999999976,4,1
704,30.190000000000026,4,1
705,610.0000000000019,3,0
706,45.18999999999998,4,1
707,36.06000000000002,4,1
708,26.950000000000003,4,1
709,59.989999999999974,4,1
710,566.6700000000014,4,1
711,55.29999999999999,4,1
712,45.26999999999999,4,1
713,53.539999999999964,4,1
714,51.38999999999995,4,1
715,178.19999999999987,4,1
716,69.46999999999994,4,1
717,35.700000000000024,4,1
718,36.73000000000002,4,1
719,41.65999999999999,4,1
720,40.96000000000001,4,1
721,32.49000000000001,4,1
722,451.42,4,1
723,38.5,4,1
724,30.000000000000107,3,0
725,587.9000000000015,3,0
726,88.92999999999994,4,1
727,38.31,4,1
728,34.4000000000001,3,0
729,56.1,4,1
730,57.959999999999965,4,1
731,582.8000000000015,3,0
732,38.730000000000004,4,1
733,55.10999999999996,4,1
734,22.00000000000001,4,1
735,60.84999999999999,4,1
736,65.16000000000004,4,1
737,70.14999999999993,4,1
738,53.02999999999998,4,1
739,504.40000000000015,3,0
740,67.13999999999996,4,1
741,46.30000000000007,3,0
742,62.870000000000026,4,1
743,44.87999999999999,4,1
744,242.09999999999994,4,1
745,78.66999999999996,4,1
746,42.00000000000008,3,0
747,108.1999999999999,4,1
748,118.87999999999988,4,1
749,43.169999999999995,4,1
750,148.5199999999999,4,1
751,553.700000000001,3,0
752,40.74000000000001,4,1
753,50.380000000000045,4,1
754,31.050000000000033,4,1
755,45.039999999999964,4,1
756,39.68000000000001,4,1
757,36.000000000000014,4,1
758,61.33999999999997,4,1
759,41.95,4,1
760,32.34000000000001,4,1
761,64.15,4,1
762,32.56000000000001,4,1
763,44.79999999999999,4,1
764,41.00000000000006,3,0
765,101.9199999999999,4,1
766,44.98999999999996,4,1
767,179.7999999999999,4,1
768,461.29999999999995,3,0
769,50.28999999999997,4,1
770,122.75999999999992,4,1
771,501.2000000000001,3,0
772,45.62,4,1
773,53.70999999999999,4,1
774,606.2000000000019,3,0
775,57.219999999999956,4,1
776,38.16,4,1
777,434.07000000000005,4,1
778,56.31000000000003,4,1
779,632.3000000000023,3,0
780,509.7000000000002,3,0
781,23.670000000000005,4,1
782,30.050000000000026,4,1
783,150.8299999999999,4,1
784,49.80000000000005,3,0
785,31.62000000000001,4,1
786,30.950000000000014,4,1
787,33.93000000000001,4,1
788,29.470000000000006,4,1
789,40.010000000000005,4,1
790,30.59000000000001,4,1
791,36.360000000000014,4,1
792,30.46000000000001,4,1
793,44.36999999999998,4,1
794,134.50999999999985,4,1
795,47.80000000000005,3,0
796,36.81,4,1
797,53.48999999999996,4,1
798,45.06999999999999,4,1
799,45.289999999999985,4,1
800,97.64999999999992,4,1
801,69.60999999999999,4,1
802,44.600000000000065,3,0
803,573.2000000000012,3,0
804,70.30000000000001,4,1
805,439.4,3,0
806,70.17999999999995,4,1
807,82.53999999999995,4,1
808,40.0,3,0
809,37.940000000000005,4,1
810,43.54,4,1
811,35.48000000000002,4,1
812,284.49999999999994,4,1
813,351.56,4,1
814,164.12999999999988,4,1
815,82.84999999999985,3,0
816,44.36999999999999,4,1
817,67.23999999999997,4,1
818,39.599999999999994,4,1
819,41.33,4,1
820,39.60000000000008,3,0
821,40.859999999999985,4,1
822,96.66999999999992,4,1
823,41.67000000000001,4,1
824,536.5000000000006,3,0
825,33.56000000000003,4,1
826,606.7000000000019,3,0
827,32.76000000000001,4,1
828,101.85999999999994,4,1
829,50.65000000000002,3,0
830,454.5000000000001,3,0
831,76.60999999999994,4,1
832,49.69999999999998,4,1
833,71.02999999999999,4,1
834,466.57000000000005,4,1
835,29.39000000000004,4,1
836,34.99000000000001,4,1
837,43.20000000000008,3,0
838,556.8000000000009,3,0
839,145.6699999999999,4,1
840,34.480000000000004,4,1
841,44.97999999999999,4,1
842,39.680000000000014,4,1
843,50.01999999999997,4,1
844,30.51000000000002,4,1
845,71.97999999999992,4,1
846,43.40000000000008,3,0
847,44.82999999999996,4,1
848,31.36000000000001,4,1
849,104.21999999999991,4,1
850,90.1999999999998,2,0
851,535.2000000000005,3,0
852,27.800000000000008,4,1
853,84.29999999999988,3,0
854,234.03999999999985,4,1
855,162.61999999999986,4,1
856,49.45999999999997,4,1
857,56.83999999999996,4,1
858,39.06,4,1
859,46.93999999999999,4,1
860,497.9000000000001,3,0
861,544.5500000000006,3,0
862,21.98999999999968,4,1
863,104.75999999999989,4,1
864,587.4000000000015,3,0
865,356.20000000000005,3,0
866,57.94999999999997,4,1
867,28.550000000000026,4,1
868,48.14999999999999,4,1
869,43.129999999999995,4,1
870,38.9,4,1
871,35.65000000000002,4,1
872,32.14000000000003,4,1
873,85.25999999999998,4,1
874,36.11000000000002,4,1
875,30.2000000000001,3,0
876,35.580000000000005,4,1
877,43.279999999999994,4,1
878,50.79999999999982,3,0
879,48.49999999999999,4,1
880,534.9000000000005,3,0
881,37.000000000000085,3,0
882,46.49999999999999,4,1
883,40.57999999999999,4,1
884,115.17999999999986,4,1
885,56.60999999999997,4,1
886,41.03999999999999,4,1
887,35.42,4,1
888,485.70000000000005,3,0
889,56.44999999999998,4,1
890,43.70000000000001,3,0
891,86.88999999999994,4,1
892,78.20999999999997,4,1
893,33.96000000000001,4,1
894,41.74999999999999,4,1
895,37.50000000000002,4,1
896,50.16999999999997,4,1
897,43.97999999999998,4,1
898,40.12999999999999,4,1
899,53.54999999999998,4,1
900,91.59999999999992,4,1
901,507.30000000000007,3,0
902,30.200000000000102,3,0
903,33.600000000000136,3,0
904,594.9000000000018,3,0
905,118.04999999999991,4,1
906,599.3000000000017,3,0
907,581.6000000000014,3,0
908,33.60000000000002,4,1
909,56.50999999999995,4,1
910,561.1000000000008,3,0
911,48.429999999999986,4,1
912,544.6000000000008,3,0
913,62.96999999999996,4,1
914,36.87,4,1
915,36.83,4,1
916,170.16999999999985,4,1
917,161.7299999999999,4,1
918,35.54000000000002,4,1
919,403.12,4,1
920,524.4000000000002,3,0
921,557.400000000001,3,0
922,423.95,3,0
923,206.8999999999999,3,0
924,30.62000000000001,4,1
925,70.22999999999995,4,1
926,428.03000000000003,4,1
927,71.01999999999994,4,1
928,35.82000000000002,4,1
929,570.9700000000014,4,1
930,60.759999999999955,4,1
931,38.32,4,1
932,38.800000000000104,3,0
933,600.6000000000016,3,0
934,143.59999999999988,4,1
935,75.86999999999999,4,1
936,403.8,3,0
937,45.659999999999975,4,1
938,31.850000000000183,3,0
939,361.5999999999999,3,0
940,62.88000000000001,4,1
941,33.49000000000001,4,1
942,31.890000000000008,4,1
943,546.8000000000006,2,0
944,57.37999999999996,4,1
945,108.03999999999989,4,1
946,33.47000000000001,4,1
947,27.760000000000012,4,1
948,33.750000000000014,4,1
949,48.81000000000002,4,1
950,54.34999999999996,4,1
951,26.400000000000002,4,1
952,87.37,4,1
953,70.99999999999993,3,0
954,88.58999999999993,4,1
955,35.490000000000016,4,1
956,35.800000000000104,3,0
957,80.44999999999996,4,1
958,549.7000000000007,2,0
959,526.9000000000003,3,0
960,35.56000000000002,4,1
961,40.27999999999999,4,1
962,47.48999999999998,4,1
963,168.21999999999986,4,1
964,52.030000000000015,4,1
965,257.43,4,1
966,293.23999999999995,4,1
967,33.260000000000005,4,1
968,69.43999999999994,4,1
969,42.06999999999999,4,1
970,374.0999999999999,3,0
971,76.34999999999995,4,1
972,54.75999999999996,4,1
973,93.70999999999992,4,1
974,34.32000000000003,4,1
975,37.93000000000001,4,1
976,29.81000000000001,4,1
977,34.300000000000125,3,0
978,5.9999999999999885,2,0
979,67.00999999999996,4,1
980,56.539999999999964,4,1
981,68.23999999999995,4,1
982,64.25999999999996,4,1
983,43.88999999999999,4,1
984,57.439999999999976,4,1
985,44.09999999999999,4,1
986,51.37999999999998,4,1
987,67.69999999999995,4,1
988,44.529999999999994,4,1
989,33.20000000000012,3,0
990,44.43000000000003,4,1
991,617.100000000002,2,0
992,74.37999999999997,4,1
993,70.82999999999996,4,1
994,66.40999999999995,4,1
995,44.60999999999999,4,1
996,43.00999999999999,4,1
997,32.16000000000001,4,1
998,546.2500000000007,3,0
999,40.589999999999975,4,1
1000,65.74999999999997,4,1
