step,reward,td_error,success_gt0,delivered,bumps,forced_waits
1,-0.01,-2.7234985351562386,0,0,0,0
2,-0.01,-2.712363128662105,0,0,0,0
3,-0.01,-2.7012417602539074,0,0,0,0
4,-0.01,-1.9397189331054676,0,0,0,0
5,0.19,-0.4147526550293037,1,0,0,0
6,0.19,-0.3971771240234432,1,0,0,0
7,0.19,-3.9218891906738236,1,0,0,0
8,0.19,-0.6707545471191452,1,0,0,0
9,0.19,-0.407903137207029,1,0,0,0
10,0.19,-0.39017547607423353,1,0,0,0
11,0.39,0.7338101196288846,1,0,0,0
12,0.19,-0.682181396484367,1,0,0,0
13,0.19,-0.4195341491699196,1,0,0,0
14,0.19,-0.40185333251952216,1,0,0,0
15,0.39,-2.864760437011739,1,0,0,0
16,0.19,-0.6937347412109318,1,0,0,0
17,0.19,-0.43133666992187614,1,0,0,0
18,0.19,-0.4136854553222804,1,0,0,0
19,0.18999999999999995,-6.403501281738272,1,1,0,0
20,0.69,-0.2053939819336108,1,0,0,0
21,0.19,-0.41545959472657046,1,0,0,0
22,0.19,-0.3976177978515807,1,0,0,0
23,0.18999999999999995,-4.543260192871088,1,0,0,0
24,0.69,-5.196708831787106,1,0,0,0
25,0.19,-0.40885894775391307,1,1,0,0
26,0.19,-0.39086318969725653,1,0,0,0
27,0.39,0.5280091857910065,1,0,0,0
28,2.6900000000000004,2.8379867553710767,1,0,0,0
29,0.19,-0.4215216064453102,1,0,0,0
30,0.19,-0.40359191894532387,1,0,0,0
31,0.18999999999999995,-3.8409794616699173,1,0,0,0
32,2.29,47.035073242187536,1,0,0,0
33,0.19,-0.41832382202147755,1,0,0,0
34,0.19,0.25000762939453125,1,0,0,0
35,0.18999999999999995,28.19619369506836,1,0,0,0
36,6.99,10.78527374267577,1,0,0,0
37,0.19,-0.5463424682617131,1,0,0,0
38,0.5900000000000001,-2.0057957458496105,1,0,0,0
39,1.19,1.389692382812484,1,0,0,0
40,0.19,-1.0489999389648688,1,0,0,0
41,0.69,-0.055450897216815065,1,0,0,0
42,2.09,1.3278884887695312,1,1,0,0
43,0.99,1.1558285522461063,1,0,0,0
44,0.19,-1.064512634277321,1,0,0,0
45,0.69,-6.171957855224605,1,0,0,0
46,2.09,1.3353324890136662,1,0,0,0
47,0.99,1.1238327026367188,1,0,0,0
48,0.19,-1.0603887939453216,1,0,0,0
49,-0.31000000000000005,-2.0244351196289188,0,0,0,0
50,3.0900000000000003,2.325160217285145,1,0,0,0
51,0.99,1.0923255920410213,1,0,0,0
52,0.19,-1.0730541992187455,1,0,0,0
53,0.69,-2.925669860839861,1,0,0,0
54,3.0900000000000003,42.904578247070276,1,0,0,0
55,1.19,1.26132431030274,1,1,0,0
56,0.19,-1.2161718749999864,1,,,
57,-0.31000000000000005,-7.269702148437517,0,,,
58,6.99,1.70311676025392,1,,,
59,0.99,1.029801177978527,1,,,
60,0.19,-1.2050604248046852,1,,,
61,-0.81,-7.69393692016601,0,,,
62,0.19,18.84471893310547,1,,,
63,0.99,0.9997509765624955,1,,,
64,0.69,-0.6942526245117051,1,,,
65,-0.81,-7.620336914062506,0,,,
66,0.19,-1.0862911987304642,1,,,
67,1.8900000000000001,-3.449884948730471,1,,,
68,0.69,-0.6823577880859375,1,,,
69,0.19,-0.6778390502929597,1,,,
70,0.19,-1.0951892089843795,1,,,
71,0.18999999999999995,0.21336929321287812,1,,,
72,1.6900000000000002,-0.2544735717773392,1,,,
73,0.69,2.0201055908203216,1,,,
74,0.19,-1.8990386962890398,1,,,
75,1.8900000000000001,-3.605596466064469,1,,,
76,-0.01,9.97904235839843,0,,,
77,-0.81,-5.863374786376966,0,,,
78,-0.81,-6.8086141967773415,0,,,
79,-0.81,-6.248807067871098,0,,,
80,1.19,0.3147375488281341,1,,,
81,0.69,-0.1977090454101642,1,,,
82,1.19,-0.05255279541017899,1,,,
83,0.69,-0.08075866699218182,1,,,
84,1.19,0.2977772521972497,1,,,
85,0.69,0.9093386840820301,1,,,
86,1.69,0.4305340576171943,1,,,
87,-0.81,-6.030337219238277,0,,,
88,1.19,0.278411865234375,1,,,
89,-0.31000000000000005,-5.233125305175776,0,,,
90,1.69,0.41133789062502046,1,,,
91,0.69,-0.20111236572265057,1,,,
92,1.19,0.2617921447753986,1,,,
93,0.69,-1.5411114501953307,1,,,
94,2.6900000000000004,1.392256469726533,1,,,
95,0.69,-0.9300732421875182,1,,,
96,1.19,0.25026794433594546,1,,,
97,-0.31000000000000005,-4.091757202148443,0,,,
98,-0.01,0.7738809204101358,0,,,
99,-0.31000000000000005,-2.468344116210943,0,,,
100,1.19,0.23358474731443835,1,,,
101,0.69,8.802749938964837,1,,,
102,0.19,0.44137756347655,1,,,
103,0.69,-3.2375201416015784,1,,,
104,1.19,0.22406677246092954,1,,,
105,-0.31000000000000005,-6.421964416503897,0,,,
106,0.19,0.43840499877930483,1,,,
107,-0.31000000000000005,-2.658109436035147,0,,,
108,1.19,0.20774627685545966,1,,,
109,0.69,-2.5283291625976574,1,,,
110,0.19,0.41113693237304005,1,,,
111,0.69,3.1548857116699196,1,,,
112,1.19,0.19702026367187386,1,,,
113,2.6900000000000004,3.6494577026367097,1,,,
114,0.5900000000000001,1.3635227966308605,1,,,
115,1.6900000000000002,1.732160949707037,1,,,
116,1.19,0.1773367309570233,1,,,
117,-0.31000000000000005,-5.464125061035162,0,,,
118,0.5900000000000001,-0.26395233154298126,1,,,
119,-0.31000000000000005,-3.3040756225585994,0,,,
120,1.19,0.16237487792969318,1,,,
121,2.6900000000000004,2.0118365478515443,1,,,
122,0.5900000000000001,-0.27821228027343636,1,,,
123,2.6900000000000004,2.003192749023441,1,,,
124,1.19,0.14753768920897414,1,,,
125,3.0900000000000003,50.40871063232419,1,,,
126,1.29,12.802223358154293,1,,,
127,3.0900000000000003,30.552906188964812,1,,,
128,1.19,3.708094177246096,1,,,
129,6.99,-2.8376348876952875,1,,,
130,-0.6100000000000001,-6.361643676757836,0,,,
131,6.99,-18.224276733398426,1,,,
132,-0.81,-7.061949920654314,0,,,
133,1.19,0.05388977050779431,1,,,
134,-0.81,-10.865826873779298,0,,,
135,1.19,0.33372283935545966,1,,,
136,-0.81,-7.901934204101565,0,,,
137,1.19,0.03364624023436136,1,,,
138,0.99,1.9484991455078102,1,,,
139,1.19,0.31349487304686363,1,,,
140,0.19,0.09791427612304915,1,,,
141,1.19,0.013811340332040345,1,,,
142,1.0899999999999999,2.3022262573242074,1,,,
143,0.99,12.952997741699221,1,,,
144,0.19,1.1761666870117153,1,,,
145,0.99,15.148126220703148,1,,,
146,-0.6100000000000001,-5.238931274414085,0,,,
147,0.19,0.46382354736329034,1,,,
148,0.19,-0.5848542785644497,1,,,
149,0.19,-1.2250296020507676,1,,,
150,1.0899999999999999,-0.14870071411132812,1,,,
151,0.19,-0.9257434082031182,1,,,
152,0.19,2.087348632812507,1,,,
153,0.69,-0.7363821411132676,1,,,
154,1.29,1.0782516479492017,1,,,
155,0.19,-0.06774017333987103,1,,,
156,1.19,0.039910278320292036,1,,,
157,0.69,-6.048752136230462,1,,,
158,-0.11000000000000004,-0.31946716308596024,0,,,
159,0.99,2.3254696655273506,1,,,
160,1.19,0.02508087158201988,1,,,
161,2.6900000000000004,1.24060424804685,1,,,
162,1.0899999999999999,-1.2755795288086063,1,,,
163,0.19,-0.9822729492187818,1,,,
164,1.19,0.010343017578122726,1,,,
165,-0.01,-1.073381347656266,0,,,
166,2.29,1.7386157226562489,1,,,
167,0.19,-0.15217803955079034,1,,,
168,1.69,0.4916186523437318,1,,,
169,1.19,0.2529386901855446,1,,,
170,2.29,76.59480072021483,1,,,
171,0.19,-0.9770501708984511,1,,,
172,1.69,0.3196423339843477,1,,,
173,1.19,0.081361694335925,1,,,
174,6.99,7.596323852539058,1,,,
175,0.19,-0.20043090820314546,1,,,
176,2.6900000000000004,1.303733215332045,1,,,
177,1.19,0.06315216064456308,1,,,
178,0.19,-1.0285046386719046,1,,,
179,0.19,-0.6711215209961097,1,,,
180,3.1900000000000004,-13.315290527343734,1,,,
181,1.19,0.07489013671875,1,,,
182,0.19,-1.6009414672851676,1,,,
183,1.19,-0.07433013916016762,1,,,
184,0.69,0.7431756591796557,1,,,
185,1.19,0.05976165771483011,1,,,
186,1.19,-0.09046173095703125,1,,,
187,1.19,-0.08997802734376137,1,,,
188,3.1900000000000004,-2.49713958740233,1,,,
189,1.19,0.04484619140623636,1,,,
190,1.19,-0.10614318847655113,1,,,
191,1.19,-0.10556884765622954,1,,,
192,0.69,0.1311807250976358,1,,,
193,1.19,0.02994232177735512,1,,,
194,1.19,-0.12170745849607556,1,,,
195,1.19,-0.12110443115233238,1,,,
196,3.1900000000000004,-1.9911166381835983,1,,,
197,1.19,0.015198974609347715,1,,,
198,0.99,4.743150024414092,1,,,
199,0.99,2.872361450195342,1,,,
200,1.49,3.0807171630859216,1,,,
201,1.19,0.0005215454101517025,1,,,
202,0.19,-1.1608630371093795,1,,,
203,0.19,-1.1555187988281546,1,,,
204,3.1900000000000004,-1.554519958496087,1,,,
205,1.19,-0.014061889648417036,1,,,
206,0.69,0.07291839599611194,1,,,
207,0.69,0.5889892578125,1,,,
208,0.69,7.611613464355457,1,,,
209,1.19,-0.02858428955079262,1,,,
210,0.69,-0.7570928955078102,1,,,
211,0.69,0.37573547363280113,1,,,
212,3.1900000000000004,-8.219938964843777,1,,,
213,1.19,-0.026661987304692047,1,,,
214,1.6900000000000002,0.37668518066408296,1,,,
215,2.6900000000000004,1.278418579101583,1,,,
216,0.69,4.612764892578127,1,,,
217,1.19,-0.04113830566404886,1,,,
218,-0.01,3.79899475097659,0,,,
219,-0.01,1.9384600830078398,0,,,
220,3.1900000000000004,-5.706816101074196,1,,,
