mode,seed,valid_deliveries,raw_deliveries,steps_per_delivery,ghost_pickups,duplicate_assignments,conflicts,collisions,swaps_through,stuck_events,idle_pct,reauctions
baseline,1000,16,18,25.0,2,8,0,0,0,0,20.125,0
baseline,1001,10,10,40.0,0,1,1,1,0,0,34.125,0
baseline,1002,19,20,21.053,1,8,0,0,0,0,6.688,0
baseline,1003,18,22,22.222,5,9,0,0,0,0,23.5,0
baseline,1004,17,20,23.529,3,7,2,2,0,0,15.375,0
baseline,1005,7,7,57.143,0,2,1,1,0,0,26.062,0
baseline,1006,24,26,16.667,2,7,0,0,0,0,13.125,0
baseline,1007,19,20,21.053,1,6,0,0,0,0,11.562,0
baseline,1008,17,19,23.529,3,8,0,0,0,0,23.75,0
baseline,1009,22,22,18.182,0,6,0,0,0,0,26.0,0
baseline,1010,12,13,33.333,1,5,0,0,0,0,24.312,0
baseline,1011,19,20,21.053,1,6,0,0,0,0,25.938,0
baseline,1012,27,30,14.815,3,9,1,1,0,0,12.438,0
baseline,1013,24,24,16.667,0,5,0,0,0,0,18.438,0
baseline,1014,16,19,25.0,3,6,0,0,0,0,28.5,0
baseline,1015,18,21,22.222,3,8,0,0,0,0,24.688,0
baseline,1016,28,31,14.286,3,9,0,0,0,0,14.812,0
baseline,1017,20,22,20.0,2,10,1,1,0,0,10.125,0
baseline,1018,11,11,36.364,0,3,0,0,0,0,21.875,0
baseline,1019,25,26,16.0,1,5,0,0,0,0,22.812,0
greedy+blackboard,1000,16,18,25.0,2,8,0,0,0,0,20.125,0
greedy+blackboard,1001,10,10,40.0,0,1,0,0,0,0,34.125,0
greedy+blackboard,1002,19,20,21.053,1,8,0,0,0,0,6.688,0
greedy+blackboard,1003,18,22,22.222,5,9,0,0,0,0,23.5,0
greedy+blackboard,1004,21,25,19.048,4,8,0,0,0,0,12.688,0
greedy+blackboard,1005,8,8,50.0,0,3,0,0,0,0,22.562,0
greedy+blackboard,1006,24,26,16.667,2,7,0,0,0,0,13.125,0
greedy+blackboard,1007,19,20,21.053,1,6,0,0,0,0,12.688,0
greedy+blackboard,1008,17,19,23.529,3,8,0,0,0,0,23.75,0
greedy+blackboard,1009,22,22,18.182,0,6,0,0,0,0,26.0,0
greedy+blackboard,1010,12,13,33.333,1,5,0,0,0,0,24.312,0
greedy+blackboard,1011,19,20,21.053,1,6,0,0,0,0,25.938,0
greedy+blackboard,1012,27,30,14.815,3,9,0,0,0,0,12.562,0
greedy+blackboard,1013,24,24,16.667,0,5,0,0,0,0,18.438,0
greedy+blackboard,1014,16,19,25.0,3,6,0,0,0,0,28.5,0
greedy+blackboard,1015,18,21,22.222,3,8,0,0,0,0,24.688,0
greedy+blackboard,1016,28,31,14.286,3,9,0,0,0,0,14.812,0
greedy+blackboard,1017,20,22,20.0,2,10,0,0,0,0,10.25,0
greedy+blackboard,1018,11,11,36.364,0,3,0,0,0,0,21.875,0
greedy+blackboard,1019,25,26,16.0,1,5,0,0,0,0,22.812,0
auction+legacy,1000,42,42,9.524,0,0,0,0,0,0,2.625,4
auction+legacy,1001,39,39,10.256,0,0,1,1,0,0,2.438,3
auction+legacy,1002,34,34,11.765,0,0,0,0,0,0,2.125,4
auction+legacy,1003,37,37,10.811,0,0,0,0,0,0,2.312,1
auction+legacy,1004,48,48,8.333,0,0,0,0,0,0,3.0,3
auction+legacy,1005,42,42,9.524,0,0,0,0,0,0,2.625,3
auction+legacy,1006,42,42,9.524,0,0,3,3,0,0,2.625,2
auction+legacy,1007,36,36,11.111,0,0,0,0,0,0,2.25,4
auction+legacy,1008,49,49,8.163,0,0,0,0,0,0,3.062,3
auction+legacy,1009,37,37,10.811,0,0,1,1,0,0,2.312,4
auction+legacy,1010,27,27,14.815,0,0,0,0,0,0,1.688,4
auction+legacy,1011,34,34,11.765,0,0,0,0,0,0,2.125,1
auction+legacy,1012,31,31,12.903,0,0,0,0,0,0,1.938,2
auction+legacy,1013,45,45,8.889,0,0,1,1,0,0,2.812,4
auction+legacy,1014,38,38,10.526,0,0,1,1,0,0,2.375,2
auction+legacy,1015,36,36,11.111,0,0,1,1,0,0,2.25,0
auction+legacy,1016,33,33,12.121,0,0,1,1,0,0,2.062,0
auction+legacy,1017,45,45,8.889,0,0,0,0,0,0,2.812,1
auction+legacy,1018,36,36,11.111,0,0,0,0,0,0,2.25,1
auction+legacy,1019,29,29,13.793,0,0,0,0,0,0,1.812,7
auction,1000,42,42,9.524,0,0,0,0,0,0,2.625,3
auction,1001,41,41,9.756,0,0,0,0,0,0,2.562,4
auction,1002,34,34,11.765,0,0,0,0,0,0,2.125,4
auction,1003,37,37,10.811,0,0,0,0,0,0,2.312,1
auction,1004,48,48,8.333,0,0,0,0,0,0,3.0,3
auction,1005,39,39,10.256,0,0,2,0,0,0,2.438,4
auction,1006,42,42,9.524,0,0,0,0,0,0,2.625,2
auction,1007,36,36,11.111,0,0,0,0,0,0,2.25,4
auction,1008,49,49,8.163,0,0,0,0,0,0,3.062,3
auction,1009,42,42,9.524,0,0,0,0,0,0,2.625,3
auction,1010,27,27,14.815,0,0,0,0,0,0,1.688,4
auction,1011,34,34,11.765,0,0,0,0,0,0,2.125,1
auction,1012,31,31,12.903,0,0,0,0,0,0,1.938,2
auction,1013,47,47,8.511,0,0,0,0,0,0,2.938,4
auction,1014,35,35,11.429,0,0,0,0,0,0,2.188,1
auction,1015,40,40,10.0,0,0,0,0,0,0,2.5,0
auction,1016,31,31,12.903,0,0,0,0,0,0,1.938,1
auction,1017,37,37,10.811,0,0,0,0,0,0,2.312,3
auction,1018,36,36,11.111,0,0,0,0,0,0,2.25,1
auction,1019,29,29,13.793,0,0,0,0,0,0,1.812,7
